0_names,0_logfoldchanges,0_pvals_adj,1_names,1_logfoldchanges,1_pvals_adj,2_names,2_logfoldchanges,2_pvals_adj,3_names,3_logfoldchanges,3_pvals_adj,4_names,4_logfoldchanges,4_pvals_adj,5_names,5_logfoldchanges,5_pvals_adj,6_names,6_logfoldchanges,6_pvals_adj,7_names,7_logfoldchanges,7_pvals_adj,8_names,8_logfoldchanges,8_pvals_adj,9_names,9_logfoldchanges,9_pvals_adj,10_names,10_logfoldchanges,10_pvals_adj,11_names,11_logfoldchanges,11_pvals_adj,12_names,12_logfoldchanges,12_pvals_adj,13_names,13_logfoldchanges,13_pvals_adj,14_names,14_logfoldchanges,14_pvals_adj,15_names,15_logfoldchanges,15_pvals_adj
HER_16128.t1:none,2.7933545,3.386194001938484e-215,HER_45860.t1:Sp-Btub3,3.630664,2.2521615975944322e-258,HER_29018.t1:Sp-MacpfD.3,2.8306925,1.98126032579826e-132,HER_21799.t1:Sp-Cara14LA,2.0430217,1.8191388412349117e-107,HER_45861.t1:Sp-Btub3,2.0881243,7.098849473586542e-92,HER_49716.t1:Sp-Rpl21,1.6665214,2.4916228445129553e-147,HER_134.t1:Sp-Nxn_1,6.072504,6.77732036693116e-144,HER_18134.t1:Sp-Hypp_53,3.8464208,1.0795775467944152e-101,HER_45860.t1:Sp-Btub3,1.9494848,1.1507419181580695e-29,HER_27773.t1:Sp-Unk_30,4.148118,1.3247738022118247e-83,HER_27773.t1:Sp-Unk_30,1.9475491,7.288946059093429e-32,HER_17538.t1:Sp-CalmL1,7.646681,4.4315084898429016e-52,HER_45097.t1:Sp-CebpaL,6.248726,1.0062073575217194e-25,HER_46925.t1:Sp-Mif4,4.9761314,2.007983135684027e-19,HER_42513.t1:Sp-Srcr177,6.886854,3.2130697338672953e-18,HER_37722.t1:Sp-Hypp_1457,5.829232,3.595688385736319e-05
HER_47969.t1:none,2.4451616,5.827817907579262e-195,HER_28.t1:Sp-FbsL_2,5.4449644,3.25048277867614e-234,HER_21799.t1:Sp-Cara14LA,1.839821,2.776466596664565e-105,HER_29018.t1:Sp-MacpfD.3,2.7748652,3.534218197915744e-100,HER_25852.t1:none,1.9886531,8.825139162444012e-84,HER_728.t1:Sp-Rpl6,1.3333617,1.4117227016204318e-139,HER_46925.t1:Sp-Mif4,7.6884465,6.77732036693116e-144,HER_49743.t1:Sp-CycI,1.9464175,2.485545971632864e-84,HER_28.t1:Sp-FbsL_2,2.1865904,2.9013440893524376e-24,HER_34053.t1_HER_34055.t1:none,4.4148703,2.164998841102264e-72,HER_14967.t1:Sp-Nhp2l1,2.1179402,3.2842178430271226e-23,HER_45795.t1:Sp-Secrtag,7.7383037,5.534605143292454e-51,HER_29584.t1:Sp-Hypp_1984,5.037088,5.0860311774769733e-14,HER_134.t1:Sp-Nxn_1,4.1396313,2.007983135684027e-19,HER_45847.t1:Sp-Astacin4,8.16526,2.099861349749012e-17,HER_45847.t1:Sp-Astacin4,5.399904,3.595688385736319e-05
HER_7595.t1:Sp-Apob,2.1331031,2.2215378326350997e-190,HER_29171.t1:none,5.7622085,7.054382123472043e-193,HER_29000.t1:Sp-MacpfD.3,2.201933,4.395454229145739e-101,HER_8002.t1:Sp-Slsp_1,2.449309,4.703534418584949e-99,HER_17590.t1:Sp-Unk_85,1.8364083,2.4185036663176364e-81,HER_22572.t1:Sp-Rpl11,1.4747399,2.878912525068445e-138,HER_21637.t1:Sp-Aldh2,3.9311357,1.8038701958361043e-139,HER_24381.t1:Sp-HH2az,1.4004295,5.72507993745414e-72,HER_16505.t1:Sp-Tektin3,1.505451,4.265009655844998e-20,HER_38632.t3:Sp-Tnrc4,5.1998467,1.5970400362300217e-68,HER_45321.t1:Sp-Eif2beta,1.7199409,5.0588152263300043e-20,HER_34053.t1_HER_34055.t1:none,5.2105026,2.550247319052076e-50,HER_6739.t1:Sp-Jun,3.8076694,5.2344676750632086e-11,HER_7886.t1:Sp-Hypp_1597,4.280129,1.622567319867772e-18,HER_37722.t1:Sp-Hypp_1457,7.2826734,3.7887437251496586e-16,HER_42513.t1:Sp-Srcr177,5.080197,3.636219802147997e-05
HER_49824.t1:Sp-Ars,2.371336,3.208505246312405e-156,HER_30721.t1:Sp-Cycs_2,1.4002601,8.568588467626993e-172,HER_3741.t1:Sp-Anxn,1.7614195,7.094637696715774e-88,HER_3741.t1:Sp-Anxn,1.9551963,2.5735407147306336e-91,HER_45860.t1:Sp-Btub3,2.2012327,1.3843697010086444e-77,HER_11034.t1:Sp-Rps17,1.3126075,1.3068032178761033e-134,HER_7886.t1:Sp-Hypp_1597,8.020153,9.041189879869843e-138,HER_17969.t1:Sp-Odadc1L,3.3575597,9.997002080435448e-60,HER_45861.t1:Sp-Btub3,1.2134881,2.1177990492651478e-16,HER_11251.t1:Sp-Rkhd,3.6256504,8.11963378670042e-66,HER_27968.t1:Sp-Msy,0.99158746,7.928753222221861e-20,HER_38035.t1:Sp-Gi,2.6077716,1.1825599347080595e-43,HER_47976.t1:none,2.3952844,2.9067647293348542e-08,HER_47882.t1:Sp-CalmL1,3.5587277,1.1826995056532975e-16,HER_48026.t1:Sp-6Afcol,7.398757,3.1073839722006416e-15,HER_7595.t1:Sp-Apob,2.4363756,0.005149835914982681
HER_9762.t1_HER_9764.t1:Sp-AnL4,2.22576,1.1338306373969745e-155,HER_19128.t2:Sp-CalmL1,1.959773,6.089109999657505e-138,HER_23469.t1:Sp-Sdc,1.2244165,2.3071007848436377e-72,HER_32297.t1:Sp-Ephrin,2.7305787,1.3346244241491087e-82,HER_39408.t1:Sp-Hypp_1863,2.2495143,3.8647394765767415e-68,HER_23152.t1:Sp-Lrp2,1.4259788,1.657426838897955e-129,HER_12253.t1:Sp-FerHc,1.614659,8.811673408852202e-133,HER_18133.t1:Sp-Hypp_53,3.0992725,1.354215036001974e-58,HER_35876.t1:Sp-Atub13,1.1305319,6.34207772008789e-16,HER_6385.t1:none,5.127476,3.8859847797219987e-64,HER_19841.t1:Sp-Dkc1,2.5404377,1.134897832082673e-16,HER_38632.t3:Sp-Tnrc4,4.6361475,9.836564971734378e-43,HER_20839.t1:Sp-Abcc5D,2.091244,1.5844526677158653e-07,HER_4864.t1_HER_4874.t1:Sp-Agpat5,2.4567034,7.280147642521743e-16,HER_7690.t1:none,7.8983207,3.05547217812649e-14,HER_47882.t1:Sp-CalmL1,2.8908498,0.00786523717940001
HER_17415.t1:Sp-Ckb,1.563637,9.168132726993602e-114,HER_19127.t1:Sp-CalmL2,2.2720072,1.1909725198770035e-133,HER_17967.t1:Sp-Map1a/1B_Lc3L2,1.1558495,6.164197560072103e-62,HER_23469.t1:Sp-Sdc,1.3974534,1.2430188492152706e-81,HER_35876.t1:Sp-Atub13,1.6263603,7.128770185404181e-68,HER_30087.t1:Sp-Rpl37a,1.1087279,5.6873495918947764e-126,HER_6994.t1:Sp-TxnL3,3.2391133,7.288243892542132e-132,HER_23620.t1:Sp-Cdk1,3.1557055,4.4794433096258394e-46,HER_29171.t1:none,1.6716988,1.591205125154053e-13,HER_3624.t1:Sp-SoxC,4.6083183,1.409861189305662e-62,HER_49716.t1:Sp-Rpl21,0.86931384,1.134897832082673e-16,HER_1313.t1:Sp-14-3-3e,1.472101,9.836564971734378e-43,HER_17148.t1:Sp-GlxnL,6.41529,4.178224124604004e-07,HER_46284.t1:Sp-Cara2LB_1,3.304439,2.0279889295052125e-15,HER_40156.t1:Sp-185/333D1,7.572637,4.580318204080513e-14,HER_134.t1:Sp-Nxn_1,2.6532607,0.010432448120234089
HER_10974.t1:Sp-Hbn,3.400166,7.85819037565332e-100,HER_24381.t1:Sp-HH2az,1.2882674,2.0675041190729713e-131,HER_20104.t1:Sp-Tppp3,1.4338571,1.1409925113933158e-53,HER_49824.t1:Sp-Ars,2.1356673,7.851682326369983e-72,HER_8625.t1:none,2.2801743,2.0819182613492783e-65,HER_25966.t1:Sp-Rpl36a,1.6835074,1.0563104859714039e-125,HER_47882.t1:Sp-CalmL1,5.0472784,2.0797111699614963e-131,HER_49454.t1:Sp-Hmmr,3.3260796,2.737471360751289e-45,HER_25852.t1:none,1.0269775,9.44390805401395e-12,HER_13245.t1_HER_13243.t1:Sp-B4galt6_3,4.8603253,1.343163911254997e-61,HER_21634.t1:Sp-Larp7,2.107598,1.3518271276292583e-15,HER_21859.t1:Sp-14-3-3_1,1.5716723,2.1176827821204066e-35,HER_11251.t1:Sp-Rkhd,1.9892746,4.949129751765931e-06,HER_21637.t1:Sp-Aldh2,2.5710347,2.0279889295052125e-15,HER_47882.t1:Sp-CalmL1,4.095412,4.917438429891187e-14,HER_9898.t1:Sp-Bhmt_1,3.6254025,0.010568778370702482
HER_7898.t1:Sp-Pdcd4,1.2245655,6.06848341448291e-98,HER_35876.t1:Sp-Atub13,1.7751198,6.85981627981461e-118,HER_20850.t1:Sp-Egfi,1.8445061,7.9017547153074e-50,HER_40059.t1:Sp-Hox7,4.6623015,5.338518985808936e-59,HER_29159.t1:Sp-Btub1,1.2015852,2.255471575417132e-65,HER_14967.t1:Sp-Nhp2l1,3.1981332,9.373347542535917e-125,HER_6983.t1_HER_6984.t1:Sp-St8sia_2,4.612001,2.7539885602068895e-129,HER_19126.t1:Sp-CalmL1,0.7588697,7.791808467908925e-36,HER_35862.t1:Sp-Atub13,1.1072339,9.80999115884485e-12,HER_24667.t1:Sp-Pdpi(cyclophilin)L7,1.8221892,7.739644018436771e-54,HER_48850.t1:Sp-Eif5B,2.1135955,1.8570491192887916e-15,HER_30285.t1:Sp-P35L,6.26537,2.874264953218057e-35,HER_46641.t1:Sp-Set,1.8904338,6.91198184517722e-06,HER_12207.t1:Sp-Nme1,3.443765,4.193938108437604e-15,HER_34053.t1_HER_34055.t1:none,4.1132994,1.5756300258253138e-10,HER_34053.t1_HER_34055.t1:none,2.8976908,0.013679137877287932
HER_23469.t1:Sp-Sdc,1.1890485,1.7871220679203465e-91,HER_45861.t1:Sp-Btub3,1.8388114,1.2400366229075755e-109,HER_5235.t1:Sp-Otof,1.207566,1.864327229101341e-45,HER_23964.t1:Sp-Gsn,1.9086593,7.796252910905311e-56,HER_40285.t1:Sp-Iqca1,1.6521614,3.8448588652101545e-65,HER_49418.t1:Sp-Rps3A,1.6391597,6.388179119322173e-124,HER_4864.t1_HER_4874.t1:Sp-Agpat5,3.3804154,1.6101090510102358e-126,HER_29159.t1:Sp-Btub1,1.067054,1.3724483833575746e-32,HER_19127.t1:Sp-CalmL2,1.062386,1.2580271515675275e-11,HER_23152.t1:Sp-Lrp2,1.3539822,1.5612522760890274e-52,HER_24667.t1:Sp-Pdpi(cyclophilin)L7,0.99816066,1.9492725903002463e-13,HER_10174.t1:Sp-Syt4,7.9581966,3.5116176431975845e-34,HER_45918.t1_HER_45913.t1:none,3.38213,1.1701427208609517e-05,HER_47602.t1:Sp-Fmo2_2,3.6977277,4.728602390399626e-15,HER_6994.t1:Sp-TxnL3,2.5178914,2.412633308256574e-10,HER_40156.t1:Sp-185/333D1,4.8851004,0.022185687123090124
HER_17866.t1:Sp-Six3,2.6324768,6.600019331797254e-91,HER_35862.t1:Sp-Atub13,1.9545645,1.0296410760779765e-102,HER_49824.t1:Sp-Ars,1.6768191,3.979064664772684e-39,HER_29000.t1:Sp-MacpfD.3,1.7903906,3.9001528455313396e-55,HER_38953.t1:none,1.8000582,1.2261320494858244e-64,HER_1104.t1:Sp-Arp,1.2924051,5.659939262114999e-122,HER_47602.t1:Sp-Fmo2_2,7.344902,1.2096880073229198e-121,HER_12997.t1:Sp-Asphm2,3.6397853,3.706917613724944e-31,HER_26570.t1:none,1.1931251,7.404924374581047e-11,HER_39411.t1:Sp-Smadip,6.1792536,6.91903182711522e-50,HER_4286.t1:Sp-Tgif,2.8054407,3.122218401569476e-13,HER_35857.t1:Sp-Atub3,6.9070888,1.0329959989684801e-32,HER_10051.t1:Sp-Polyq,1.1692797,6.578620442243659e-05,HER_19785.t1:none,2.761846,5.363474514312083e-15,HER_45489.t1:Sp-Cycpln,5.920933,9.173849797403052e-10,HER_7690.t1:none,5.2670345,0.1096201189127526
HER_17967.t1:Sp-Map1a/1B_Lc3L2,1.1514356,4.196257105475348e-86,HER_26570.t1:none,2.636948,2.542284021608231e-93,HER_8198.t1:Sp-El1L4,1.179743,2.6388732765190287e-34,HER_5321.t1.1.5f2c6870:Sp-Hypp_2663,1.7497625,1.6022172637065226e-54,HER_31331.t1:none,1.8606038,2.5954055156517587e-64,HER_13101.t1:Sp-Rps16,1.313914,2.3107842247449363e-120,HER_48650.t1:Sp-Kcnk4,7.7525268,6.688876341130896e-121,HER_12488.t1:Sp-Ckap5,1.9161582,7.889959256511726e-30,HER_30721.t1:Sp-Cycs_2,0.63951886,8.53805493431012e-11,HER_13101.t1:Sp-Rps16,1.2825556,1.582485758068167e-48,HER_14730.t1:none,1.5106938,5.186449511963591e-13,HER_11292.t1:Sp-Btub1,5.7270517,4.823823031362242e-31,HER_19728.t1:none,4.4978547,0.00019809490901420267,HER_6983.t1_HER_6984.t1:Sp-St8sia_2,2.58901,6.140145268111099e-14,HER_134.t1:Sp-Nxn_1,3.1925898,1.7966118321262218e-09,HER_6994.t1:Sp-TxnL3,1.718917,0.1812101102277396
HER_29475.t1:Sp-Hypp_1751,1.3199593,4.006939328343322e-83,HER_45818.t1:none,2.7212572,8.212274691750678e-90,HER_34954.t1:Sp-Qki,1.1880971,1.36281514007071e-33,HER_39372.t1:Sp-Smad6/7,2.0675337,5.145753894879681e-54,HER_17415.t1:Sp-Ckb,1.5519408,8.24825501455316e-63,HER_43528.t1:Sp-Rpip1,1.0057431,3.961160856276954e-119,HER_47443.t1:Sp-Fmo3,7.26545,2.84062408105301e-119,HER_16128.t1:none,1.6294506,4.940277839117437e-27,HER_21650.t1:Sp-Brwd2_2,0.97062725,1.1786853787394392e-07,HER_1104.t1:Sp-Arp,1.2185478,2.7120659161414586e-48,HER_11251.t1:Sp-Rkhd,1.3541625,5.199787954122123e-13,HER_28335.t1:Sp-Hypp_9771,7.3298526,3.8698178527048176e-30,HER_47859.t1:Sp-Hsp701D,8.135928,0.00020372971068115578,HER_47443.t1:Sp-Fmo3,3.5561094,2.894421085418522e-13,HER_28292.t1:Sp-Msp130r4,7.423589,1.9944045122718363e-09,HER_47969.t1:none,2.1168349,0.434023970818629
HER_20104.t1:Sp-Tppp3,1.4742843,4.7624286477831946e-82,HER_46218.t1:Sp-Cbfb,2.2397373,1.465609666783178e-87,HER_29475.t1:Sp-Hypp_1751,0.9968918,3.8958605796653407e-32,HER_29475.t1:Sp-Hypp_1751,1.4166815,3.137109022611138e-53,HER_23048.t1:Sp-Hypp_1835,2.7284625,3.2194234735819143e-62,HER_35659.t1:Sp-Rpl13a,1.2260964,5.3909716616415795e-118,HER_41899.t1:Sp-Etfb,3.0498252,4.469773902147006e-117,HER_26195.t1:Sp-IncenpL,3.0894685,5.252732018829877e-25,HER_49926.t1:Sp-Hypp_321,0.8947578,2.6542196012078305e-07,HER_48370.t1:Sp-Hmg1,2.0468745,9.214488284184608e-48,HER_728.t1:Sp-Rpl6,0.6456018,5.827155606655964e-13,HER_38662.t1_HER_38665.t1:Sp-Gq,1.908882,8.652659225608195e-30,HER_6786.t1:Sp-Klf2/4,2.6640022,0.00033728830707300975,HER_35673.t1:none,3.8266933,3.885674012025679e-13,HER_9898.t1:Sp-Bhmt_1,4.2591805,1.0948297754809428e-08,HER_24288.t1:Sp-PtenB,3.3910978,0.5789903552640809
HER_29054.t1:Sp-HesD,1.2916045,4.441141026929584e-77,HER_21650.t1:Sp-Brwd2_2,2.2170048,1.9849661530368417e-86,HER_23133.t1:Sp-Profilin,0.76116717,6.98893686226591e-32,HER_39999.t1:Sp-Clect_110,1.6123437,7.291691538122073e-51,HER_20103.t1:none,2.1789343,2.3443016367893382e-60,HER_22128.t1:Sp-Rps8,1.1616265,9.464355968663138e-117,HER_36169.t1:none,2.3527696,1.2139905548920659e-116,HER_36606.t1:Sp-Top2a_1,3.1678908,2.0587354458826922e-24,HER_38014.t1:Sp-Ajpx1,0.8180448,2.6542196012078305e-07,HER_11393.t1:Sp-Rpl17,1.0598338,1.990279657143527e-45,HER_22572.t1:Sp-Rpl11,0.6930104,5.827155606655964e-13,HER_17578.t1:Sp-Pcsk2,7.2774777,1.9745911320391448e-29,HER_41574.t1:Sp-Sirpb/GL1,2.7605467,0.0003641115526477147,HER_12253.t1:Sp-FerHc,1.0005921,8.167073771499514e-13,HER_10181.t1:Sp-Do1(Udx1),3.4840477,1.7051672835587935e-08,HER_48026.t1:Sp-6Afcol,4.8081293,0.6439504875961789
HER_5235.t1:Sp-Otof,1.3689715,3.7964669969287973e-75,HER_38656.t1:Sp-Atp5g1,0.91849995,4.553695912533067e-78,HER_14907.t1:Sp-Fascin1,1.0007745,6.699826592601945e-31,HER_8309.t1:Sp-El1L4,1.6490295,1.0065173352940701e-49,HER_32628.t1:none,1.4799565,1.910398279040838e-59,HER_7292.t1:Sp-Rpl37,1.2054647,1.8305165886326066e-116,HER_46284.t1:Sp-Cara2LB_1,5.23283,3.6454310246299226e-115,HER_45860.t1:Sp-Btub3,1.3982326,2.0416105729228472e-23,HER_19128.t2:Sp-CalmL1,0.7919523,3.884117057351219e-07,HER_26495.t1:Sp-Rpl10a,1.557508,7.573702241178275e-45,HER_23482.t1:Sp-Rpl30,0.76985997,7.089021928473978e-13,HER_45491.t1:Sp-Gs,1.5242136,8.049899867758476e-29,HER_20224.t1:Sp-SoxB1,1.3802645,0.0004175803025939166,HER_20039.t1:Sp-Cryz_1,3.772875,8.48893489357653e-13,HER_25062.t1:Sp-Wdfy3,4.042121,2.5261316027139192e-08,HER_11583.t1:none,2.841401,0.6439504875961789
HER_8309.t1:Sp-El1L4,1.5718943,5.1003929018724324e-70,HER_11034.t1:Sp-Rps17,0.77070826,4.966271257609226e-78,HER_39669.t1:Sp-Acel_4,1.2092576,5.211077089211365e-30,HER_23133.t1:Sp-Profilin,0.9675725,1.3891433357951074e-43,HER_12826.t1:Sp-C20orf152L_1,2.2919002,2.2300294853702462e-57,HER_27778.t1:Sp-Rpl22,1.5093982,1.5319888072947183e-114,HER_47409.t1:Sp-Pofut1L4,7.1396317,1.6060224185220883e-114,HER_20321.t1:Sp-Smc4,2.0698056,1.292039176195988e-22,HER_1082.t1:Sp-Znrf3,0.8754101,3.884117057351219e-07,HER_3801.t1_HER_3803.t1_HER_3804.t1:none,4.9141088,2.548006936660601e-44,HER_2167.t1:Sp-Ran,1.296309,8.781504024938359e-13,HER_18945.t1:Sp-SNAP25,2.4754057,6.290597138245625e-27,HER_24491.t1:Sp-Mat2a,2.4679136,0.0006664952932776683,HER_6994.t1:Sp-TxnL3,2.0004761,8.48893489357653e-13,HER_9773.t1:Sp-Mctp1L,3.3488152,5.3766747143242585e-08,HER_9773.t1:Sp-Mctp1L,2.4219291,0.6439504875961789
HER_8198.t1:Sp-El1L4,1.4770339,2.6427231723212385e-69,HER_22572.t1:Sp-Rpl11,0.81720924,1.158066987403781e-76,HER_6605.t1:none,1.5544198,1.4070457688070397e-29,HER_11496.t1:Sp-Glur2_2,2.3137574,1.6904957758858885e-43,HER_20155.t1:Sp-Iqcg,1.6733869,3.8265831725591017e-47,HER_47850.t1:Sp-Rpl28,1.2474062,1.070093202460222e-113,HER_20039.t1:Sp-Cryz_1,7.187569,1.2346064232165303e-111,HER_16125.t1:Sp-Ube2s,2.3941295,1.8772029512971612e-22,HER_7830.t1:none,0.8515206,6.165677516505357e-07,HER_38278.t1:Sp-Smarce1,3.034541,6.407377234927065e-43,HER_13101.t1:Sp-Rps16,0.7060774,1.3209647884173607e-12,HER_44708.t1:Sp-Go,5.231046,2.2559150773492773e-25,HER_27968.t1:Sp-Msy,0.92005455,0.0007131869844288806,HER_47409.t1:Sp-Pofut1L4,3.8034332,8.48893489357653e-13,HER_40040.t1:Sp-FcolI/II/IIIf,6.8089185,9.457773621147665e-08,HER_45489.t1:Sp-Cycpln,4.541221,0.6738750429270186
HER_4351.t1:Sp-Dystoh3,1.463562,5.844749422690265e-69,HER_22128.t1:Sp-Rps8,0.7331614,2.3891920334912806e-76,HER_37134.t1:Sp-Fzd4,2.2513583,1.4521013005718498e-27,HER_17967.t1:Sp-Map1a/1B_Lc3L2,1.0957389,5.528818309452374e-43,HER_47199.t1:none,2.1630406,1.041480780263465e-46,HER_13819.t1:none,1.3303444,1.11321500870143e-111,HER_12207.t1:Sp-Nme1,5.905243,5.4533742609675666e-111,HER_33648.t1:Sp-Plk1,3.8673337,4.249224374824401e-22,HER_29054.t1:Sp-HesD,0.77551854,1.3113334472262318e-06,HER_43528.t1:Sp-Rpip1,0.90118504,6.407377234927065e-43,HER_43528.t1:Sp-Rpip1,0.50733703,1.7649306475991634e-12,HER_16159.t1:Sp-Cnpy4,4.8356647,7.54361190527298e-24,HER_2167.t1:Sp-Ran,1.4290171,0.0010500693395318905,HER_9074.t1:Sp-Ugt8_2,3.6906207,3.027965190085824e-12,HER_32776.t1:none,6.58698,9.457773621147665e-08,HER_25878.t1:Sp-Vha26,2.6350431,1.0
HER_39999.t1:Sp-Clect_110,1.4391084,9.292629362214888e-69,HER_45815.t1:Sp-Slc25a4,0.8257137,7.528698699639426e-75,HER_45330.t1:none,1.0538366,4.234505072868751e-27,HER_10395.t1_HER_10396.t1:Sp-WntA,3.7977154,1.0630997761862636e-39,HER_38014.t1:Sp-Ajpx1,1.729096,1.9004763179289787e-45,HER_22879.t1:Sp-Rpl23,1.1129175,1.3449400063529809e-111,HER_19785.t1:none,4.1160417,7.844326622209636e-109,HER_21798.t1:Sp-Dlgap5,3.5070822,1.57029749680678e-20,HER_3730.t1:Sp-Hypp_1772,0.8265846,1.385058987981768e-06,HER_49418.t1:Sp-Rps3A,1.422824,2.635120304007275e-42,HER_23152.t1:Sp-Lrp2,0.7059982,1.7649306475991634e-12,HER_23147.t1.2.5f2c6c40:Sp-Kcnh8,6.807629,2.909161232763896e-23,HER_6742.t1:Sp-Hsp701D,8.479522,0.0013453874282010735,HER_41899.t1:Sp-Etfb,1.996234,1.991762300353041e-11,HER_40042.t1:Sp-A2col,8.214249,4.952616873127684e-07,HER_10181.t1:Sp-Do1(Udx1),2.0071936,1.0
HER_46021.t1:Sp-Cyhr1,1.321182,2.1841452798821217e-66,HER_1313.t1:Sp-14-3-3e,0.6173409,2.0606217138456435e-74,HER_11849.t1_HER_11855.t1:Sp-Fbp1,0.7939379,2.87505873038223e-25,HER_8198.t1:Sp-El1L4,1.4528496,8.533692028446318e-39,HER_15513.t1:Sp-Pan2,1.5880076,1.291709827674465e-44,HER_33516.t1:Sp-Rps11,1.5116794,1.7188855848338046e-108,HER_38035.t1:Sp-Gi,2.0281558,1.2883499515554898e-95,HER_38187.t1:Sp-Anp32bL,1.3085876,3.5060112698839853e-20,HER_31152.t1:Sp-Hypp_97,0.83347625,1.385058987981768e-06,HER_728.t1:Sp-Rpl6,1.0678788,4.042730445228589e-42,HER_11034.t1:Sp-Rps17,0.6236604,5.1368487933819545e-12,HER_39354.t1:Sp-RhoA,1.3851225,9.732243325882608e-23,HER_20285.t1:Sp-Tpt1l,0.76058066,0.001979184314316101,HER_3630.t1:none,3.656164,2.3219173252910966e-11,HER_43914.t1:Sp-Polr2h,5.3955045,6.999957443528199e-07,HER_40044.t1:Sp-A2col,5.2168646,1.0
HER_3741.t1:Sp-Anxn,1.3053755,4.476184151360464e-64,HER_49844.t1:Sp-Rpl31,0.77348375,5.152528360774569e-73,HER_28816.t1:Sp-Sumf2,0.9461075,6.343269131547908e-25,HER_1755.t1:Sp-Slsp_1,2.3112864,1.0667878447237556e-37,HER_12032.t1:Sp-Hypp_1317,1.9964308,8.914010663027172e-42,HER_27773.t1:Sp-Unk_30,2.5005615,1.771822388094965e-108,HER_9074.t1:Sp-Ugt8_2,7.409668,7.216126087354711e-93,HER_16342.t1:Sp-Hypp_1784,1.898033,9.370806030201909e-19,HER_46218.t1:Sp-Cbfb,0.8771603,2.2581763016786328e-06,HER_30087.t1:Sp-Rpl37a,0.9476335,8.334634412327344e-42,HER_6869.t1:Sp-Prxdxn,1.7599634,1.212948272380383e-11,HER_2558.t1:Sp-Gprk2,2.6890075,2.5439159403497164e-22,HER_30721.t1:Sp-Cycs_2,0.72313434,0.0025175458959069276,HER_13468.t1:none,3.7704575,8.141914326048233e-11,HER_49360.t1:Sp-Atp16,2.4013731,6.999957443528199e-07,HER_49360.t1:Sp-Atp16,1.7631489,1.0
HER_5069.t1:Sp-Tin/Ag,2.9658396,1.4178573804205728e-61,HER_38187.t1:Sp-Anp32bL,1.8109052,1.8674503928762536e-71,HER_34948.t1:Sp-Qki,1.3231071,1.6367277492970328e-24,HER_9762.t1_HER_9764.t1:Sp-AnL4,1.4388349,8.789735803618347e-36,HER_3730.t1:Sp-Hypp_1772,1.806147,1.601023457724805e-41,HER_23482.t1:Sp-Rpl30,1.3659183,4.859553738207682e-106,HER_35673.t1:none,7.0023108,9.01361738905052e-86,HER_39641.t1:Sp-Ccdc99,3.0696626,6.172097790854383e-18,HER_32628.t1:none,0.9861619,1.0197750581987457e-05,HER_9833.t1:Sp-Hnrnpk,5.023359,2.0800375800581277e-41,HER_22128.t1:Sp-Rps8,0.5639949,1.4182888156920238e-11,HER_18886.t1:Sp-CnBsi1,1.4587711,2.688468819575126e-22,HER_10635.t1:Sp-Ssr2,2.0005054,0.0025175458959069276,HER_35660.t1:Sp-Sod,2.194887,1.96224352915122e-10,HER_49751.t1:Sp-Asah1,4.502043,7.168846549900296e-07,HER_30727.t1:Sp-CubnL_6,4.5326953,1.0
HER_21799.t1:Sp-Cara14LA,1.2971724,1.6119507918678494e-56,HER_728.t1:Sp-Rpl6,0.736889,4.048303408609755e-69,HER_49736.t1_HER_49733.t1:Sp-Frem2,1.1086456,2.780251261406288e-23,HER_9225.t1:Sp-Cyp26L,1.5722234,4.1656675027207304e-33,HER_16505.t1:Sp-Tektin3,1.8322976,3.7190612116483e-41,HER_11239.t1:Sp-Rps15,1.2383282,1.747703609845355e-105,HER_35457.t1:Sp-Gal3st1_12,4.3569627,2.432435630325215e-83,HER_7595.t1:Sp-Apob,1.0674834,7.720040492512579e-18,HER_35864.t1:Sp-Atub5,0.8718082,1.1042692657637195e-05,HER_49844.t1:Sp-Rpl31,1.0471251,4.5774663934730595e-39,HER_1104.t1:Sp-Arp,0.63670444,2.0356882690484988e-11,HER_43546.t1:Sp-App,2.447116,2.9338613016219163e-22,HER_41950.t1:none,4.8533206,0.0033517405038746267,HER_48650.t1:Sp-Kcnk4,3.4627357,2.7364424302091345e-10,HER_24288.t1:Sp-PtenB,4.1389866,1.1373365765316428e-06,HER_37932.t1:Sp-Rab7,1.6266718,1.0
HER_12253.t1:Sp-FerHc,0.42801088,1.0254999015979945e-44,HER_49926.t1:Sp-Hypp_321,2.3580894,4.2203147011428627e-69,HER_4289.t1:Sp-Cyp1r4,1.66677,6.250219759710988e-23,HER_8197.t1:Sp-El1L4,1.6349679,4.038627447912942e-32,HER_9762.t1_HER_9764.t1:Sp-AnL4,1.5785091,5.960781928109977e-41,HER_24667.t1:Sp-Pdpi(cyclophilin)L7,1.6923013,1.851145522782386e-103,HER_15402.t1:none,1.5260566,1.140469825542433e-79,HER_18144.t1:Sp-Arid4b_1,1.5117095,3.631024290773625e-17,HER_17415.t1:Sp-Ckb,0.9353046,1.2292150399830394e-05,HER_22572.t1:Sp-Rpl11,1.1195349,9.496237421524044e-39,HER_27778.t1:Sp-Rpl22,0.7952215,2.0356882690484988e-11,HER_27773.t1:Sp-Unk_30,2.3471751,3.6718833449924357e-22,HER_45512.t1:Sp-Mylip,2.3521516,0.0033846871622501434,HER_24649.t1:Sp-Papss,3.1514938,1.1425925730726703e-09,HER_29213.t1:none,2.4792864,3.017265091343203e-05,HER_46021.t1:Sp-Cyhr1,1.2867132,1.0
HER_29018.t1:Sp-MacpfD.3,1.7601956,2.534506021693784e-44,HER_7830.t1:none,1.7044109,1.0490881332307207e-67,HER_20172.t1:Sp-Atp11,0.5434306,6.975796313172305e-23,HER_5235.t1:Sp-Otof,1.1405227,8.533744366666359e-32,HER_340.t1:Sp-Unk_92,1.2286518,2.157248720542005e-38,HER_11393.t1:Sp-Rpl17,1.0367571,1.4228213826967696e-101,HER_35660.t1:Sp-Sod,3.1153338,3.153908046027622e-78,HER_9762.t1_HER_9764.t1:Sp-AnL4,1.2412703,7.047867241129395e-17,HER_12826.t1:Sp-C20orf152L_1,0.785847,0.00011351576073669778,HER_11239.t1:Sp-Rps15,1.1270318,8.593940885547433e-38,HER_23199.t1:Sp-Nop5,2.1301103,2.1830185440389027e-11,HER_32597.t1:Sp-RabO1,7.5449705,6.662518410136279e-22,HER_38350.t1:Sp-Pontin52,3.7024465,0.004051248010369476,HER_35457.t1:Sp-Gal3st1_12,2.6652982,1.1425925730726703e-09,HER_24981.t1:Sp-Mmp18/19L5,8.41621,6.352393551380974e-05,HER_49751.t1:Sp-Asah1,3.3053036,1.0
HER_9225.t1:Sp-Cyp26L,1.3803903,3.199823705239302e-44,HER_23152.t1:Sp-Lrp2,0.79382837,3.406629461642429e-67,HER_48525.t1:Sp-Hypp_1126,1.0067269,7.881818119805838e-23,HER_14907.t1:Sp-Fascin1,1.1330826,1.7050317411965154e-31,HER_24117.t1:Sp-Hypp_527,1.8922534,5.8180887039456374e-34,HER_7409.t1:Sp-Calr,2.2544355,1.7646240759499552e-99,HER_38656.t1:Sp-Atp5g1,1.4194475,3.511853735589213e-78,HER_29018.t1:Sp-MacpfD.3,1.7420619,1.9303095317001374e-16,HER_19033.t1:none,0.6882353,0.00012015925614076848,HER_15626.t1:Sp-H1-0,2.4778302,1.977415738593481e-37,HER_47175.t1:Sp-Abcf1,1.8115637,2.569568201713004e-11,HER_6869.t1:Sp-Prxdxn,3.1188076,2.5267633445092735e-21,HER_33516.t1:Sp-Rps11,0.7576267,0.005117185427309611,HER_48112.t1:Sp-Fmo5_1,3.619056,2.0126571757679196e-09,HER_30727.t1:Sp-CubnL_6,5.8328333,9.584879421854989e-05,HER_38115.t1:Sp-Rab11,0.9551663,1.0
HER_41808.t1:Sp-Ncam,1.6805423,1.446651862400939e-41,HER_2167.t1:Sp-Ran,1.7375135,1.4190236077552493e-66,HER_9225.t1:Sp-Cyp26L,1.1301417,1.4133013151612413e-22,HER_11382.t1:Sp-Scnn1g,1.925878,6.388633300661746e-30,HER_11328.t1:Sp-Ccdc11,1.9030892,1.7229898958508177e-33,HER_24636.t1:Sp-Hypp_2950,4.6640573,1.7692548924929773e-95,HER_24649.t1:Sp-Papss,5.3829494,4.2972349197980305e-77,HER_10382.t1:Sp-Cycb,2.3596354,2.389858933974602e-16,HER_12032.t1:Sp-Hypp_1317,0.74751604,0.00016911512058034002,HER_11034.t1:Sp-Rps17,1.0243486,2.8977619863917945e-37,HER_46641.t1:Sp-Set,1.1459085,4.1801795198379045e-11,HER_29857.t1:none,4.047562,4.300182047185024e-21,HER_33417.t1:Sp-Rfwd3,6.834251,0.005260277009495096,HER_36169.t1:none,1.373881,4.013696867001489e-09,HER_37732.t1:Sp-Arp2/3cs4,2.3473816,0.00020694590540864608,HER_1730.t1:Sp-Arp2/3cs3,1.4166466,1.0
HER_20019.t1:Sp-Fn3/Egf_2,1.4360435,1.7275841282103037e-39,HER_14132.t1:Sp-Tyms,2.8212295,2.077031276608033e-66,HER_8197.t1:Sp-El1L4,1.1603131,7.705799606283694e-22,HER_49736.t1_HER_49733.t1:Sp-Frem2,1.4394513,4.146389129826527e-29,HER_49743.t1:Sp-CycI,0.994786,6.29325828867888e-33,HER_49844.t1:Sp-Rpl31,1.0783844,1.811090137062001e-95,HER_13468.t1:none,6.3948355,8.98528053601672e-77,HER_12253.t1:Sp-FerHc,0.444438,5.930918479699007e-16,HER_14132.t1:Sp-Tyms,0.97351867,0.00019169902044868017,HER_7292.t1:Sp-Rpl37,1.0046643,6.79296579198372e-37,HER_25245.t1:Sp-G3bp2L,1.2950022,4.3861184215310243e-11,HER_20120.t1:Sp-Rab6,2.9575133,3.439050406522938e-20,HER_29794.t1_HER_29793.t1:Sp-Lcmt2_1,5.866284,0.006865401097663735,HER_15675.t1:Sp-Slc25a10,3.351539,7.244898890829239e-09,HER_7595.t1:Sp-Apob,1.7242236,0.0002256579649123435,HER_7536.t1_HER_7537.t1:Sp-Tsp1_1,4.940546,1.0
HER_14907.t1:Sp-Fascin1,0.9191555,8.664340398652764e-37,HER_1082.t1:Sp-Znrf3,1.7871709,5.434279808687756e-63,HER_39999.t1:Sp-Clect_110,0.95729315,3.3252971809479528e-21,HER_20850.t1:Sp-Egfi,1.4269196,1.2113932145013508e-25,HER_24116.t1:none,1.526398,5.934397937408572e-32,HER_30202.t2:Sp-Imp,1.2803473,2.019925114921555e-95,HER_46924.t1:Sp-Mif5,7.003869,1.798748646256907e-74,HER_38026.t1:Sp-Hs3st5L,1.8068916,7.666957946737367e-16,HER_24381.t1:Sp-HH2az,0.58085775,0.00019169902044868017,HER_46641.t1:Sp-Set,2.1801467,9.878063589521934e-36,HER_23444.t1:Sp-Pa2g4L,1.5955353,1.18459818696994e-10,HER_6385.t1:none,3.4259033,3.536784189064541e-20,HER_45321.t1:Sp-Eif2beta,1.5013813,0.0076245386075539275,HER_46924.t1:Sp-Mif5,3.4423766,1.9060206870901084e-08,HER_38838.t1_HER_38832.t1_HER_38847.t1:none,4.651296,0.0002256579649123435,HER_40040.t1:Sp-FcolI/II/IIIf,5.376966,1.0
HER_8625.t1:none,1.404688,8.339015502847014e-36,HER_30087.t1:Sp-Rpl37a,0.6128386,3.2170672251529554e-62,HER_41951.t1:Sp-Gg1,0.861793,9.040943984859163e-21,HER_39669.t1:Sp-Acel_4,1.2513961,4.0319364014036696e-25,HER_35862.t1:Sp-Atub13,1.4169688,1.1186445176759671e-29,HER_13245.t1_HER_13243.t1:Sp-B4galt6_3,4.2151046,2.3308103524258956e-94,HER_15675.t1:Sp-Slc25a10,5.937547,4.7656585803001474e-71,HER_32628.t1:none,1.1454276,8.588764030325835e-16,HER_2167.t1:Sp-Ran,0.67913336,0.00019169902044868017,HER_4049.t1:Sp-Myt1,5.042,8.776427533411977e-35,HER_30087.t1:Sp-Rpl37a,0.51109743,1.465278164270979e-10,HER_7677.t1:Sp-Pla2g1b_6,2.5531795,3.772801957529374e-20,HER_20370.t1:Sp-Aadac_2,7.1436768,0.008601527965546368,HER_30712.t1:Sp-Sult1c_2,3.5184202,6.38361093788864e-08,HER_38859.t1:Sp-Hypp_206,7.7889633,0.00024582822241499,HER_28292.t1:Sp-Msp130r4,5.0037465,1.0
HER_34954.t1:Sp-Qki,1.0612442,5.380040748963117e-35,HER_35659.t1:Sp-Rpl13a,0.72688335,1.0648825122761317e-61,HER_11498.t1:Sp-Glur1,0.8853102,1.5669285844077308e-18,HER_9754.t1:Sp-AnL1,1.4921383,4.336762256385334e-24,HER_4468.t1:none,1.8288839,1.4288965438623985e-28,HER_26495.t1:Sp-Rpl10a,1.4750239,7.348352960445386e-92,HER_3630.t1:none,5.8631053,5.965355617246124e-70,HER_7212.t1:Sp-Cdc20,3.6806836,1.0365149654942585e-15,HER_16928.t1:Sp-Rangap1,0.8913143,0.00019169902044868017,HER_11248.t1:Sp-Med2,2.1402915,1.0560601104321394e-34,HER_49418.t1:Sp-Rps3A,0.7847463,1.5663391998234576e-10,HER_4393.t1:Sp-Stmn1,6.5796657,4.6533632282981026e-20,HER_13936.t1_HER_13938.t1_HER_13931.t1:Sp-Api5,3.848667,0.019766312682023942,HER_40507.t1:Sp-Pdhb,1.7632856,1.1093233581950708e-07,HER_39310.t1:Sp-Rab8,1.9515094,0.0002914717284032033,HER_21703.t1:Sp-Exoc3L,1.6600785,1.0
HER_8306.t1:Sp-El1L4,1.6144344,1.4117407535436408e-34,HER_29462.t1:Sp-Hprt1,1.6575233,3.1831468215725876e-60,HER_14600.t1_HER_14598.t1:Sp-Net,2.7262468,2.7054737426321694e-18,HER_47969.t1:none,1.3392262,7.625127932610648e-24,HER_19033.t1:none,1.148944,3.1944808116464685e-28,HER_22589.t1:Sp-Ef1a,1.1026055,1.2181540148569941e-90,HER_19163.t1:Sp-Cfln,2.6866622,1.1996168460389727e-69,HER_15513.t1:Sp-Pan2,1.0346617,1.3843077705633402e-15,HER_46190.t1:Sp-Kiaa0895L,1.2586131,0.00030981843003189064,HER_13819.t1:none,1.1155087,3.7347886925476204e-34,HER_7292.t1:Sp-Rpl37,0.5903174,1.7833540044658957e-10,HER_45321.t1:Sp-Eif2beta,2.1159568,1.552829256043734e-19,HER_8318.t1:Sp-Hsp701H,2.5285692,0.028621637568612603,HER_32745.t1:Sp-Lrp6L_1,3.7402248,1.2517083862296655e-07,HER_1730.t1:Sp-Arp2/3cs3,1.7540619,0.0002997541425307314,HER_19163.t1:Sp-Cfln,1.3741966,1.0
HER_33519.t1:Sp-Sfrp1/5,2.9237192,3.1324494224244905e-33,HER_1104.t1:Sp-Arp,0.7149425,4.268396000846705e-59,HER_3808.t1:Sp-Rspo3,2.762217,4.644987890768185e-18,HER_23928.t1:Sp-Gsn_1,1.0994745,2.2517098896864425e-23,HER_39507.t1_HER_39508.t1:Sp-Tck,2.3560784,1.470683047221603e-27,HER_21602.t1:Sp-Cask_1,1.1682035,1.6566941104673078e-90,HER_30712.t1:Sp-Sult1c_2,7.1956167,1.612016727772275e-69,HER_9361.t1:none,2.806469,5.561538225387964e-15,HER_33009.t1:Sp-Onecut,0.97100085,0.00030981843003189064,HER_19118.t1:Sp-Nr1h6b,2.3970776,5.6319609087721725e-34,HER_30553.t1:Sp-Ef1ba,1.2714258,2.225618107462829e-10,HER_28456.t1:Sp-Vamp1,1.8866318,1.8615259074061624e-19,HER_40595.t1:Sp-Hypp_412,7.106785,0.04530507472515118,HER_6759.t1:none,2.5324006,1.5807461980508953e-07,HER_22446.t1:Sp-Clta,1.4256693,0.00042442264910933555,HER_39354.t1:Sp-RhoA,0.8293696,1.0
HER_32628.t1:none,1.1161768,2.5011451583111765e-32,HER_13101.t1:Sp-Rps16,0.75629264,4.268396000846705e-59,HER_7409.t1:Sp-Calr,0.7683578,6.664767698651222e-18,HER_41951.t1:Sp-Gg1,0.9902825,1.4080431616471044e-22,HER_18631.t1:none,1.389305,1.811797463034315e-27,HER_27968.t1:Sp-Msy,1.316674,1.4103485232687655e-89,HER_9169.t1:Sp-Gprk3,2.9788835,1.1541162528265367e-68,HER_9960.t1:Sp-Slc34a2_1,1.1382575,1.2987347563094745e-14,HER_39615.t1:Sp-Galnac4s-6stL_4,0.82855123,0.00030981843003189064,HER_22879.t1:Sp-Rpl23,0.9150891,3.124205020943435e-33,HER_13819.t1:none,0.6749661,2.735546853876754e-10,HER_21376.t1:Sp-Duet,4.615992,5.623650914923727e-19,HER_3624.t1:Sp-SoxC,2.2284636,0.0488838604690474,HER_12442.t1:Sp-Comt,3.647208,1.9991698451863623e-07,HER_30129.t1:Sp-BetaLi,3.8455324,0.0006797591656104777,HER_23125.t1:Sp-Profilin,1.1643345,1.0
HER_23133.t1:Sp-Profilin,0.6429944,1.4855129957444404e-31,HER_40011.t1:none,3.0381935,1.3103477826574193e-56,HER_21703.t1:Sp-Exoc3L,1.153775,3.2338082896331887e-16,HER_10181.t1:Sp-Do1(Udx1),1.4873055,4.369056850256162e-22,HER_24381.t1:Sp-HH2az,0.78638273,3.6401810239321214e-27,HER_47754.t1:Sp-Rps18,1.4622052,6.029024823988678e-88,HER_22236.t1:Sp-Atpif1L,1.643376,3.9403757629207184e-67,HER_46157.t1:Sp-LhH1a,2.1078634,1.14608015925244e-13,HER_22879.t1:Sp-Rpl23,0.37638572,0.00030981843003189064,HER_47889.t1:Sp-Rpl35,1.1744103,6.851215246305329e-33,HER_25966.t1:Sp-Rpl36a,0.8142533,3.073272125749047e-10,HER_9169.t1:Sp-Gprk3,2.3585725,7.513680667139131e-19,HER_30202.t2:Sp-Imp,0.6707912,0.052849206627725305,HER_19163.t1:Sp-Cfln,1.6680387,6.299005698184017e-07,HER_4296.t1:Sp-Hypp_191,6.961922,0.0010534647769545329,HER_14640.t1:Sp-Hypp_726,2.369461,1.0
HER_15513.t1:Sp-Pan2,0.9393615,8.14434298788661e-29,HER_27778.t1:Sp-Rpl22,0.8502901,8.647848971777785e-56,HER_42947.t1:Sp-CdoL,1.7013747,1.23800175222439e-15,HER_19943.t1:Sp-Tmtc2,2.2254071,2.6924222161675466e-21,HER_45645.t1:none,2.142467,4.148812535010503e-27,HER_48015.t1:Sp-Hsp702A,2.8951857,1.1397525335839508e-87,HER_48112.t1:Sp-Fmo5_1,6.8851175,2.110145256859343e-63,HER_9128.t1:Sp-Kif20A,2.7769449,1.5637003659319476e-13,HER_17338.t1:none,0.783855,0.0003561364608071555,HER_24381.t1:Sp-HH2az,1.2411226,9.03593986599949e-33,HER_27969.t1:Sp-Eif5A,1.319357,1.0874189403484763e-09,HER_46839.t1:Sp-Stom_5,5.3338847,1.1309980082535067e-18,HER_36368.t1:Sp-Ocrl1,6.362884,0.0562573697273511,HER_4660.t1:none,3.6833372,3.467443074138174e-06,HER_34793.t1:Sp-Rsk1,3.423595,0.0010534647769545329,HER_28504.t1:Sp-Efhdc2,1.458449,1.0
HER_19033.t1:none,0.8161736,1.0796401387930196e-27,HER_22879.t1:Sp-Rpl23,0.6329469,1.770266054213983e-55,HER_15513.t1:Sp-Pan2,0.7838419,1.6922588047184002e-15,HER_21637.t1:Sp-Aldh2,0.915971,3.725193885567118e-21,HER_23469.t1:Sp-Sdc,0.94164664,5.178715157439373e-26,HER_40593.t1:Sp-Rpn1,2.1689084,3.2996182483627015e-83,HER_21016.t1:none,7.067964,1.0694448981031665e-59,HER_46175.t1:Sp-EhH3_57,2.052873,2.321680445387018e-13,HER_20103.t1:none,0.64258003,0.0003954169090399577,HER_35659.t1:Sp-Rpl13a,0.96962905,2.93672390261391e-32,HER_4387.t1:Sp-Rps12,0.8880747,1.1964539036537556e-09,HER_29162.t1:Sp-Btub3,6.8870306,1.225733503079337e-18,HER_8368.t1:Sp-Nrl,5.559381,0.05701854708656329,HER_21404.t1:Sp-Hox11/13c,3.6547375,3.5788531315283564e-06,HER_40044.t1:Sp-A2col,6.443793,0.0012814861371753044,HER_9225.t1:Sp-Cyp26L,1.2692797,1.0
HER_8197.t1:Sp-El1L4,1.1713318,5.771867127266095e-27,HER_24667.t1:Sp-Pdpi(cyclophilin)L7,1.0066458,6.82033625533428e-55,HER_12253.t1:Sp-FerHc,0.2752529,6.355708708602341e-14,HER_45330.t1:none,1.0296688,9.106819676604269e-21,HER_6424.t1:none,1.8985742,8.380561427305838e-26,HER_16452.t1_HER_16451.t1:Sp-Egfi,5.8026824,9.742161423939807e-82,HER_12442.t1:Sp-Comt,6.806915,8.029267738952753e-59,HER_6638.t1:Sp-Hypp_53,1.9549792,2.022586582647677e-12,HER_17590.t1:Sp-Unk_85,0.6100888,0.0005322886042564898,HER_27778.t1:Sp-Rpl22,1.1795497,6.870143989435443e-32,HER_30202.t2:Sp-Imp,0.6951094,1.2579705057311861e-09,HER_22446.t1:Sp-Clta,1.4687709,1.770864845070512e-18,HER_24617.t1:none,3.4266038,0.0619604677955888,HER_14579.t1:Sp-Uqcrc2,1.33152,4.929153320807166e-06,HER_11583.t1:none,3.257529,0.0014087796208060912,HER_23973.t1:Sp-Cbara1,1.4745078,1.0
HER_36169.t1:none,0.5370029,7.902519725141233e-27,HER_24588.t1:Sp-Rpl34,0.7267425,3.223755794114013e-53,HER_7898.t1:Sp-Pdcd4,0.5862112,7.694264717244057e-14,HER_1082.t1:Sp-Znrf3,1.3490604,3.4385922062927776e-20,HER_23129.t1:Sp-Armc4,1.7023693,3.222305616360138e-25,HER_47889.t1:Sp-Rpl35,1.1554648,4.435707328221531e-81,HER_8550.t1.1.5f2c6a68:Sp-Npffr2L_4,7.214436,2.6804618557977027e-58,HER_1313.t1:Sp-14-3-3e,0.38452473,3.7737706941885844e-12,HER_30087.t1:Sp-Rpl37a,0.3275176,0.0006390688917825002,HER_47850.t1:Sp-Rpl28,0.9771088,9.912228867531516e-32,HER_49844.t1:Sp-Rpl31,0.55787235,1.5244954979435641e-09,HER_16790.t1:Sp-Cacna1h,4.826282,1.6578541405597813e-17,HER_827.t1:Sp-Xbp1,1.4538211,0.06755829339679392,HER_38035.t1:Sp-Gi,1.0573083,5.6745489114480285e-06,HER_29492.t1:Sp-Arp2/3cs2,2.1771789,0.0016956081529708891,HER_38891.t1:Sp-Dazapi2,2.0562403,1.0
HER_15551.t1:Sp-Echn1,1.9748799,1.0698793637424561e-26,HER_26495.t1:Sp-Rpl10a,0.9204748,6.46270694737445e-53,HER_37892.t1_HER_37896.t1:Sp-Kiaa1095,0.95329905,8.005670301310544e-14,HER_4351.t1:Sp-Dystoh3,1.0056531,1.4425604475838737e-19,HER_49824.t1:Sp-Ars,1.6685821,1.4333003112442213e-23,HER_4387.t1:Sp-Rps12,1.551856,3.75624355328767e-79,HER_26684.t1:Sp-Hypp_2259,5.7940373,3.3565969497192313e-57,HER_20563.t1:Sp-Hypp_2310,2.3130338,4.456235593683875e-12,HER_29462.t1:Sp-Hprt1,0.6673938,0.000660646189990692,HER_22128.t1:Sp-Rps8,0.8784772,5.139658294052625e-31,HER_24410.t1:Sp-Rack,1.008199,2.1081468782035128e-09,HER_35212.t1:Sp-Tuba1c_2,6.919773,2.158799204246991e-17,HER_10522.t1:Sp-Rps6,0.72609067,0.06755829339679392,HER_43914.t1:Sp-Polr2h,2.4640152,7.905678978465655e-06,HER_15858.t1:Sp-Rac,1.1391108,0.001994364257508852,HER_20019.t1:Sp-Fn3/Egf_2,1.3966819,1.0
HER_17227.t1:none,0.8410471,3.573919298049933e-26,HER_11393.t1:Sp-Rpl17,0.6158648,1.6789971454352086e-52,HER_23966.t1:Sp-Ewamph,1.0515833,1.476172792768559e-13,HER_23125.t1:Sp-Profilin,0.8437417,1.7647595582944042e-19,HER_20104.t1:Sp-Tppp3,1.1061361,1.4734623230481966e-23,HER_5480.t1:Sp-Chrna9,1.3357235,4.3802772900705567e-79,HER_19052.t1:Sp-Hlx,6.6233907,1.2695905097999193e-55,HER_19127.t1:Sp-CalmL2,0.9127377,5.478237026368625e-12,HER_24116.t1:none,0.6471181,0.000660646189990692,HER_25966.t1:Sp-Rpl36a,1.2471343,7.509337686029887e-30,HER_8121.t1:Sp-Nop56,1.640693,2.476457196939746e-09,HER_24667.t1:Sp-Pdpi(cyclophilin)L7,1.3298122,2.6243036469046293e-17,HER_29579.t1:Sp-Rpl27,0.7254842,0.09077264144761567,HER_45818.t1:none,1.7234932,1.3611995326633647e-05,HER_33680.t1:Sp-Eap1L,4.5201135,0.0021033335627858064,HER_17907.t1.1.5f2c6bd5:Sp-Rab1,1.142684,1.0
HER_45027.t1:Sp-Hypp_2442,2.9737046,9.644434433830094e-26,HER_7292.t1:Sp-Rpl37,0.650412,2.466264367500014e-52,HER_20015.t1:Sp-SatL3,1.3215632,1.476172792768559e-13,HER_17214.t1:Sp-Wrch,1.0808063,3.744331541212089e-17,HER_7595.t1:Sp-Apob,1.0261209,3.3273642324165917e-22,HER_4286.t1:Sp-Tgif,3.62688,1.5548544471615065e-77,HER_19126.t1:Sp-CalmL1,0.9774128,1.4440436702605308e-52,HER_37542.t1:Sp-Srp19,1.1063592,3.349225326369996e-11,HER_20155.t1:Sp-Iqcg,0.6074617,0.0010590781339983638,HER_33557.t1:Sp-Rpl32,1.0957605,7.194275933792255e-29,HER_40169.t1:none,1.9502873,2.601527507056207e-09,HER_33702.t1:none,4.676429,9.723803329978591e-17,HER_17116.t1:Sp-C20orf26L,5.1215243,0.09267548529558511,HER_15760.t1:Sp-Atf4L,1.129861,1.6826390619004795e-05,HER_2512.t1:Sp-SmtnL_2,4.7007523,0.0024901176827347737,HER_37914.t2:Sp-Hypp_1205,1.3333802,1.0
HER_10972.t1:Sp-Rax,2.823754,6.052542297180985e-25,HER_25763.t1:Sp-Cugbp1,3.0464373,8.032254416602257e-51,HER_22092.t1:Sp-Hypp_2985,1.4182858,1.7925547526612383e-13,HER_48747.t1:Sp-Lox,3.9318838,6.983473620631821e-17,HER_44017.t1:Sp-Ccdc19,1.71379,6.737793059362472e-22,HER_10635.t1:Sp-Ssr2,2.6261144,5.970234571969358e-77,HER_45818.t1:none,2.6772065,2.2639708780763137e-52,HER_33825.t1:Sp-FoxN1/4,3.0060804,5.023233798380633e-11,HER_728.t1:Sp-Rpl6,0.35721606,0.0010590781339983638,HER_23482.t1:Sp-Rpl30,1.0736132,7.583783135885538e-29,HER_19949.t2:none,1.2187502,3.5486435778707354e-09,HER_42159.t1:none,6.3208275,2.8475308739794756e-16,HER_19739.t1:Sp-Chd1l,4.138814,0.0941814862025202,HER_19052.t1:Sp-Hlx,3.4470696,1.7237973883394363e-05,HER_14640.t1:Sp-Hypp_726,3.1858437,0.0032500970936281386,HER_40535.t1:Sp-Sec61a2,1.1683395,1.0
HER_45330.t1:none,0.8808789,1.2088711454620228e-23,HER_49418.t1:Sp-Rps3A,0.8517584,1.0928974838899968e-50,HER_23964.t1:Sp-Gsn,0.88205504,2.0509827830318272e-13,HER_36846.t1:Sp-Lztr1,4.294653,2.264336853957195e-16,HER_6267.t1:none,2.6032834,1.5497593918665188e-20,HER_16476.t1:none,1.3123683,5.658760758301814e-76,HER_40507.t1:Sp-Pdhb,2.1983879,8.702791374150836e-52,HER_48525.t1:Sp-Hypp_1126,0.90672994,8.035515760973195e-11,HER_9808.t1:Sp-Cct3,0.8645804,0.0010590781339983638,HER_24588.t1:Sp-Rpl34,0.94013244,1.9065614233688084e-28,HER_35659.t1:Sp-Rpl13a,0.58696973,4.118666823927673e-09,HER_25247.t1:Sp-Ube1,1.4932214,7.628419681504068e-16,HER_27410.t1:Sp-Bak,1.7302972,0.09701248255377083,HER_38802.t1:Sp-RalBP1,2.2497675,1.7694313542477602e-05,HER_37932.t1:Sp-Rab7,1.8545042,0.003358403857491122,HER_9127.t1:Sp-Arid5b,1.5382389,1.0
HER_23117.t1:Sp-Klf7,0.9485267,1.3902984369411617e-23,HER_25966.t1:Sp-Rpl36a,0.8564892,6.462037769083008e-50,HER_38953.t1:none,0.7058053,3.600957421423036e-13,HER_8306.t1:Sp-El1L4,1.239984,1.1194971702674016e-15,HER_17227.t1:none,1.010987,1.4821336917752518e-19,HER_40535.t1:Sp-Sec61a2,2.059194,7.065604339024093e-76,HER_21404.t1:Sp-Hox11/13c,6.4774065,3.4838604562414353e-51,HER_8309.t1:Sp-El1L4,0.9717328,8.815486614953282e-11,HER_31331.t1:none,0.573838,0.0011370515779265838,HER_33516.t1:Sp-Rps11,1.159952,6.179288045970559e-27,HER_18604.t1:Sp-Drps27a,0.8143813,4.503692198446224e-09,HER_16468.t1_HER_16471.t1:Sp-Ppp1cb,5.8212266,1.0334419859687223e-15,HER_41505.t1_HER_41504.t1:Sp-Hypp_271,3.5020754,0.10371282987010083,HER_47956.t1:Sp-Mif7,3.377313,1.920361914235703e-05,HER_2676.t1:Sp-Cyp2L62,7.7781363,0.003413272172627276,HER_4356.t1:Sp-Macf1,1.4724877,1.0
HER_41951.t1:Sp-Gg1,0.81282926,2.5857635472647254e-23,HER_17590.t1:Sp-Unk_85,1.193037,7.215526039646786e-50,HER_23589.t1:Sp-Pitx2,2.1232207,4.2795508927072986e-13,HER_11849.t1_HER_11855.t1:Sp-Fbp1,0.69345623,1.8417890312401687e-15,HER_47969.t1:none,1.2770803,2.341979515539977e-19,HER_18604.t1:Sp-Drps27a,1.4064549,3.9270415820656543e-75,HER_47956.t1:Sp-Mif7,6.305798,7.617666793771116e-51,HER_17209.t1:Sp-Nphp1,1.4973311,1.0294158922147435e-10,HER_11034.t1:Sp-Rps17,0.34283957,0.00138478177795624,HER_35615.t1:Sp-Rps4,1.2216225,2.8299062819506425e-26,HER_45995.t1:Sp-Pabpn1,1.2371492,4.839648845866977e-09,HER_37801.t1:Sp-Arf1l1,2.0659564,1.2191921425216019e-14,HER_21872.t1:Sp-Sulf1,5.548754,0.11342122460641708,HER_9169.t1:Sp-Gprk3,1.6664486,4.338189615152478e-05,HER_48931.t1:Sp-Npnt,5.789904,0.004524113905915582,HER_8309.t1:Sp-El1L4,1.2085061,1.0
HER_20918.t1:none,1.122458,3.381987502240675e-23,HER_13819.t1:none,0.730751,1.0955894904333688e-49,HER_29096.t1_HER_29099.t1:Sp-Pgd,0.95585066,1.1108647867732151e-12,HER_2917.t1:Sp-Enpp3_1,1.1565584,3.410497396773605e-15,HER_29018.t1:Sp-MacpfD.3,1.6668514,3.3446637606762504e-19,HER_33557.t1:Sp-Rpl32,1.1282367,3.879853275525126e-74,HER_15760.t1:Sp-Atf4L,1.4971439,2.4883306501525155e-50,HER_41964.t1_HER_41963.t1:Sp-Hypp_2835,2.0165777,1.8785421891732946e-10,HER_40285.t1:Sp-Iqca1,0.600232,0.001531877581411955,HER_47754.t1:Sp-Rps18,1.2362273,3.834841519445885e-26,HER_47754.t1:Sp-Rps18,0.7809903,4.839648845866977e-09,HER_9791.t2:Sp-Tropmy1,1.3105168,1.5427563068909301e-13,HER_48114.t1:Sp-Hypp_259,3.341029,0.14027880035227022,HER_8550.t1.1.5f2c6a68:Sp-Npffr2L_4,3.207847,7.376217307599366e-05,HER_40593.t1:Sp-Rpn1,1.6384152,0.004767280333002426,HER_16154.t1:Sp-Hypp_820,2.8654492,1.0
HER_28816.t1:Sp-Sumf2,0.8147106,3.978410715572824e-23,HER_43528.t1:Sp-Rpip1,0.50103694,1.1040788052348746e-49,HER_19126.t1:Sp-CalmL1,0.3552608,1.448772971297979e-12,HER_15983.t1.1.5f2c6c6b:Sp-Actg1,1.2401214,5.268979453307877e-15,HER_23863.t1:Sp-Stpg2,1.6358309,2.7701443216277993e-17,HER_2167.t1:Sp-Ran,2.0598223,4.1019588410906784e-74,HER_15951.t1:Sp-Dci,2.353399,2.2721816612751632e-49,HER_39669.t1:Sp-Acel_4,0.9427679,2.851502304005332e-10,HER_45645.t1:none,0.8401022,0.001531877581411955,HER_34559.t1:Sp-Aof2,2.7083142,1.3921013159442542e-25,HER_21427.t1:Sp-Psmd14,1.2033876,5.485198462361905e-09,HER_46935.t1.1.5f2d73d6:Sp-Garnl3,6.677222,2.0784179925406088e-13,HER_10382.t1:Sp-Cycb,3.025125,0.1458889558145578,HER_11583.t1:none,2.5089505,9.841107522520245e-05,HER_28412.t1_HER_28413.t1:Sp-Abcb1b,2.7690446,0.006667081296333568,HER_16083.t1:Sp-Rhogdi,2.8218262,1.0
HER_17590.t1:Sp-Unk_85,0.7259227,7.276577941050622e-22,HER_14898.t1:none,0.68511623,1.1855354768047807e-49,HER_20019.t1:Sp-Fn3/Egf_2,0.92950433,3.975888618921307e-12,HER_34968.t1:Sp-FurinL3,1.2833751,6.389950207935436e-15,HER_6303.t1:Sp-Hypp_360,2.5337732,2.845762693161008e-17,HER_15096.t1:Sp-Rps9,1.5339205,4.1019588410906784e-74,HER_4660.t1:none,6.7463074,4.287966319385922e-49,HER_35330.t1:Sp-Fam46c,1.8598776,3.536345593322896e-10,HER_16128.t1:none,0.68509114,0.001729958472709088,HER_8370.t1:Sp-Z55,3.8051908,1.0239109958386186e-24,HER_48772.t1_HER_48773.t1:Sp-Slc6a9,1.2666891,1.0063102534143658e-08,HER_9833.t1:Sp-Hnrnpk,3.6253233,3.8310931908087384e-13,HER_10958.t1:none,1.5990282,0.20101190507353536,HER_24945.t1:Sp-Opsin2,3.4165106,0.00018738109422181029,HER_38991.t1:Sp-Bnip2,3.7222264,0.007644276041997958,HER_39310.t1:Sp-Rab8,1.3724484,1.0
HER_11849.t1_HER_11855.t1:Sp-Fbp1,0.6032859,5.229911833455722e-21,HER_33009.t1:Sp-Onecut,2.574844,2.0441445537079013e-49,HER_43546.t1:Sp-App,0.99235106,9.01535528261806e-12,HER_29045.t1:Sp-Alox5,1.6310577,1.2180909484867513e-14,HER_16928.t1:Sp-Rangap1,1.772666,1.6734630261684785e-16,HER_24551.t1:Sp-Rps14,1.1804243,5.239930826652906e-74,HER_29132.t1:Sp-Arsb-4,6.541217,4.662692489645845e-49,HER_23469.t1:Sp-Sdc,0.80294305,3.771706445592488e-10,HER_340.t1:Sp-Unk_92,0.55966043,0.001796577299853627,HER_4311.t1:Sp-Spsb3,4.7327046,1.0511332470245572e-24,HER_16419.t1:Sp-Erf3,1.8224111,2.3859667313340023e-08,HER_11891.t1:Sp-Pam_2,7.0883374,6.683323343970769e-13,HER_23152.t1:Sp-Lrp2,0.41493368,0.20101190507353536,HER_15626.t1:Sp-H1-0,1.3481079,0.0002439219492544199,HER_30285.t1:Sp-P35L,4.431933,0.009271496387939848,HER_42506.t1:none,5.5358267,1.0
